{"cameraMode":{"drawMode":0,"name":"Shaded","section":"Shading Mode"},"sceneLighting":true,"audioPlay":false,"sceneViewState":{"m_AlwaysRefresh":false,"showFog":true,"showSkybox":true,"showFlares":true,"showImageEffects":true,"showParticleSystems":true,"showVisualEffectGraphs":true,"m_FxEnabled":true},"in2DMode":false,"pivot":{"x":1.586911916732788,"y":-0.8550992012023926,"z":-1.064835548400879},"rotation":{"x":-0.057886846363544467,"y":0.9420952200889587,"z":-0.23054642975330354,"w":-0.23654639720916749},"size":6.409743309020996,"orthographic":false}